{
  "global": {
    "diversity": {
      "distinct_1": 0.23374613003095976,
      "distinct_2": 0.7923930269413629,
      "avg_length": 43.06666666666667,
      "vocab_size": 151
    },
    "structure": {
      "avg_lines": 12.8,
      "avg_line_length": 3.3645833333333335,
      "line_length_std": 2.3501763748824374
    },
    "num_test_songs": 5,
    "num_generations": 15
  },
  "attention": {
    "diversity": {
      "distinct_1": 0.2338935574229692,
      "distinct_2": 0.7825464949928469,
      "avg_length": 47.6,
      "vocab_size": 167
    },
    "structure": {
      "avg_lines": 13.133333333333333,
      "avg_line_length": 3.6243654822335025,
      "line_length_std": 2.4703347002779514
    },
    "num_test_songs": 5,
    "num_generations": 15
  }
}