{
  "global": {
    "diversity": {
      "distinct_1": 0.4484304932735426,
      "distinct_2": 0.9423076923076923,
      "avg_length": 14.866666666666667,
      "vocab_size": 100
    },
    "structure": {
      "avg_lines": 4.266666666666667,
      "avg_line_length": 3.484375,
      "line_length_std": 2.633867092200174
    },
    "num_test_songs": 5,
    "num_generations": 15
  },
  "attention": {
    "diversity": {
      "distinct_1": 0.3767441860465116,
      "distinct_2": 0.865,
      "avg_length": 14.333333333333334,
      "vocab_size": 81
    },
    "structure": {
      "avg_lines": 3.4,
      "avg_line_length": 4.215686274509804,
      "line_length_std": 2.844421616594288
    },
    "num_test_songs": 5,
    "num_generations": 15
  }
}