{
  "global": {
    "diversity": {
      "distinct_1": 0.1239067055393586,
      "distinct_2": 0.5912873225648556,
      "avg_length": 137.2,
      "vocab_size": 255
    },
    "structure": {
      "avg_lines": 37.733333333333334,
      "avg_line_length": 3.636042402826855,
      "line_length_std": 1.2866704058088585
    },
    "num_test_songs": 5,
    "num_generations": 15
  },
  "attention": {
    "diversity": {
      "distinct_1": 0.12956810631229235,
      "distinct_2": 0.5790061418202122,
      "avg_length": 120.4,
      "vocab_size": 234
    },
    "structure": {
      "avg_lines": 35.2,
      "avg_line_length": 3.4204545454545454,
      "line_length_std": 1.5464151426406914
    },
    "num_test_songs": 5,
    "num_generations": 15
  }
}